"super","sub"
"Neighborhoods in California by city","Neighborhoods in Agoura Hills, California"
"Neighborhoods in California by city","Neighborhoods in Alameda, California"
"Neighborhoods in California by city","Neighborhoods in Anaheim, California"
"Neighborhoods in California by city","Neighborhoods in Bakersfield, California"
"Neighborhoods in California by city","Neighborhoods in Berkeley, California"
"Neighborhoods in California by city","Neighborhoods in Burlingame, California"
"Neighborhoods in California by city","Neighborhoods in Carlsbad, California"
"Neighborhoods in California by city","Neighborhoods in Chico, California"
"Neighborhoods in California by city","Neighborhoods in Chino Hills, California"
"Neighborhoods in California by city","Neighborhoods in Clearlake, California"
"Neighborhoods in California by city","Neighborhoods in Crescent City, California"
"Neighborhoods in California by city","Neighborhoods in Culver City, California"
"Neighborhoods in California by city","Neighborhoods in Cupertino, California"
"Neighborhoods in California by city","Neighborhoods in Daly City, California"
"Neighborhoods in California by city","Neighborhoods in Encinitas, California"
"Neighborhoods in California by city","Neighborhoods in Fremont, California"
"Neighborhoods in California by city","Neighborhoods in Fresno, California"
"Neighborhoods in California by city","Neighborhoods in Glendale, California"
"Neighborhoods in California by city","Neighborhoods in Hayward, California"
"Neighborhoods in California by city","Villages of Irvine, California"
"Neighborhoods in California by city","Neighborhoods in Lake Forest, California"
"Neighborhoods in California by city","Neighborhoods in Larkspur, California"
"Neighborhoods in California by city","Neighborhoods in Livermore, California"
"Neighborhoods in California by city","Neighborhoods in Long Beach, California"
"Neighborhoods in California by city","Neighborhoods in Los Angeles"
"Neighborhoods in California by city","Neighborhoods in Menifee, California"
"Neighborhoods in California by city","Neighborhoods in Modesto, California"
"Neighborhoods in California by city","Neighborhoods in Monterey, California"
"Neighborhoods in California by city","Neighborhoods in Newark, California"
"Neighborhoods in California by city","Neighborhoods in Newport Beach, California"
"Neighborhoods in California by city","Neighborhoods in Oakland, California"
"Neighborhoods in California by city","Neighborhoods in Orange, California"
"Neighborhoods in California by city","Neighborhoods in Pasadena, California"
"Neighborhoods in California by city","Neighborhoods in Rancho Cucamonga, California"
"Neighborhoods in California by city","Neighborhoods in Richmond, California"
"Neighborhoods in California by city","Neighborhoods in Riverside, California"
"Neighborhoods in California by city","Neighborhoods in Sacramento, California"
"Neighborhoods in California by city","Neighborhoods in San Bernardino, California"
"Neighborhoods in California by city","Neighborhoods in San Clemente, California"
"Neighborhoods in California by city","Neighborhoods in San Diego"
"Neighborhoods in California by city","Neighborhoods in San Francisco"
"Neighborhoods in California by city","Neighborhoods in San Jose, California"
"Neighborhoods in California by city","Neighborhoods in San Leandro, California"
"Neighborhoods in California by city","Neighborhoods in San Rafael, California"
"Neighborhoods in California by city","Neighborhoods of Santa Ana, California"
"Neighborhoods in California by city","Neighborhoods in Santa Clarita, California"
"Neighborhoods in California by city","Neighborhoods in Santa Rosa, California"
"Neighborhoods in California by city","Neighborhoods in South Lake Tahoe, California"
"Neighborhoods in California by city","Neighborhoods in Thousand Oaks, California"
"Neighborhoods in California by city","Neighborhoods in Tiburon, California"
"Neighborhoods in California by city","Neighborhoods in Union City, California"
"Neighborhoods in California by city","Neighborhoods in Visalia, California"
"Neighborhoods in California by city","Neighborhoods in Walnut Creek, California"
"Neighborhoods in California by city","Neighborhoods in West Hollywood, California"
