"category","page"
"Neighborhoods in California by city",""
"Neighborhoods in Agoura Hills, California","Neighborhoods of Agoura Hills, California"
"Neighborhoods in Agoura Hills, California","Agoura Hills, California"
"Neighborhoods in Agoura Hills, California","Agoura, California"
"Neighborhoods in Agoura Hills, California","Downtown, Agoura Hills, California"
"Neighborhoods in Agoura Hills, California","East Agoura, Agoura Hills, California"
"Neighborhoods in Agoura Hills, California","Forest Cove, Agoura Hills, California"
"Neighborhoods in Agoura Hills, California","Hillrise, Agoura Hills, California"
"Neighborhoods in Agoura Hills, California","Historic Quarter, Agoura Hills, California"
"Neighborhoods in Agoura Hills, California","Lake Lindero, Agoura Hills, California"
"Neighborhoods in Agoura Hills, California","Liberty Canyon"
"Neighborhoods in Agoura Hills, California","Malibu Junction, Agoura Hills, California"
"Neighborhoods in Agoura Hills, California","Morrison Ranch, Agoura Hills, California"
"Neighborhoods in Agoura Hills, California","Old Agoura, Agoura Hills, California"
"Neighborhoods in Agoura Hills, California","South End, Agoura Hills, California"
"Neighborhoods in Alameda, California","Alameda Point, Alameda, California"
"Neighborhoods in Alameda, California","Bay Farm Island, Alameda, California"
"Neighborhoods in Alameda, California","Fernside, Alameda, California"
"Neighborhoods in Alameda, California","South Shore, Alameda, California"
"Neighborhoods in Alameda, California","West End, Alameda, California"
"Neighborhoods in Alameda, California","Woodstock, Alameda, California"
"Neighborhoods in Anaheim, California","Anaheim Hills"
"Neighborhoods in Anaheim, California","Downtown Anaheim"
"Neighborhoods in Anaheim, California","Little Arabia"
"Neighborhoods in Anaheim, California","Platinum Triangle, Anaheim"
"Neighborhoods in Anaheim, California","West Anaheim"
"Neighborhoods in Bakersfield, California","List of neighborhoods in Bakersfield"
"Neighborhoods in Bakersfield, California","Arts District, Bakersfield"
"Neighborhoods in Bakersfield, California","Civic Center, Bakersfield"
"Neighborhoods in Bakersfield, California","Downtown Bakersfield"
"Neighborhoods in Bakersfield, California","East Bakersfield"
"Neighborhoods in Bakersfield, California","Education District, Bakersfield"
"Neighborhoods in Bakersfield, California","Kern City, Bakersfield, California"
"Neighborhoods in Bakersfield, California","Mill Creek, Bakersfield"
"Neighborhoods in Bakersfield, California","Northeast Bakersfield"
"Neighborhoods in Bakersfield, California","Northwest Bakersfield"
"Neighborhoods in Bakersfield, California","Quailwood, Bakersfield, California"
"Neighborhoods in Bakersfield, California","Southwest Bakersfield"
"Neighborhoods in Berkeley, California","List of Berkeley neighborhoods"
"Neighborhoods in Berkeley, California","Berkeley Marina"
"Neighborhoods in Berkeley, California","Campus of the University of California, Berkeley"
"Neighborhoods in Berkeley, California","Claremont, Oakland/Berkeley, California"
"Neighborhoods in Berkeley, California","Cragmont, Berkeley, California"
"Neighborhoods in Berkeley, California","Downtown Berkeley, Berkeley, California"
"Neighborhoods in Berkeley, California","Elmwood, Berkeley, California"
"Neighborhoods in Berkeley, California","La Loma Park"
"Neighborhoods in Berkeley, California","Lorin District, Berkeley, California"
"Neighborhoods in Berkeley, California","North Berkeley, Berkeley, California"
"Neighborhoods in Berkeley, California","Northbrae, Berkeley, California"
"Neighborhoods in Berkeley, California","Northside, Berkeley, California"
"Neighborhoods in Berkeley, California","Panoramic Hill, Oakland/Berkeley, California"
"Neighborhoods in Berkeley, California","South Berkeley, Berkeley, California"
"Neighborhoods in Berkeley, California","Southside, Berkeley, California"
"Neighborhoods in Berkeley, California","Thousand Oaks, Berkeley, California"
"Neighborhoods in Berkeley, California","West Berkeley, Berkeley, California"
"Neighborhoods in Berkeley, California","Westbrae, Berkeley, California"
"Neighborhoods in Burlingame, California","Burlingame Terrace, Burlingame, California"
"Neighborhoods in Burlingame, California","Willborough, Burlingame Terrace, Burlingame, California"
"Neighborhoods in Carlsbad, California","Aviara, Carlsbad, California"
"Neighborhoods in Carlsbad, California","Terramar, Carlsbad, California"
"Neighborhoods in Chico, California","Barber, California"
"Neighborhoods in Chico, California","South Campus Neighborhood"
"Neighborhoods in Chino Hills, California","Los Serranos, Chino Hills, California"
"Neighborhoods in Chino Hills, California","Sleepy Hollow, Chino Hills, California"
"Neighborhoods in Clearlake, California","Clearlake Highlands, California"
"Neighborhoods in Clearlake, California","Clearlake Park, California"
"Neighborhoods in Crescent City, California","Crescent City North, California"
"Neighborhoods in Culver City, California","Blair Hills, Culver City, California"
"Neighborhoods in Culver City, California","Fox Hills, Culver City, California"
"Neighborhoods in Cupertino, California","Monta Vista, Cupertino, California"
"Neighborhoods in Cupertino, California","Rancho Rinconada, Cupertino, California"
"Neighborhoods in Daly City, California","Serramonte"
"Neighborhoods in Daly City, California","Westlake, Daly City, California"
"Neighborhoods in Encinitas, California","Cardiff-by-the-Sea, Encinitas, California"
"Neighborhoods in Encinitas, California","Leucadia, Encinitas, California"
"Neighborhoods in Encinitas, California","Olivenhain, Encinitas, California"
"Neighborhoods in Fremont, California","Allendale, Fremont, California"
"Neighborhoods in Fremont, California","Curtner, Fremont, California"
"Neighborhoods in Fremont, California","Drawbridge, California"
"Neighborhoods in Fremont, California","Shinn, Fremont, California"
"Neighborhoods in Fresno, California","Brookhaven, Fresno, California"
"Neighborhoods in Fresno, California","Hammond, Fresno County, California"
"Neighborhoods in Fresno, California","Las Palmas, Fresno, California"
"Neighborhoods in Fresno, California","Old Armenian Town, Fresno, California"
"Neighborhoods in Fresno, California","Pinedale, California"
"Neighborhoods in Glendale, California","Adams Square, Glendale, California"
"Neighborhoods in Glendale, California","La Crescenta-Montrose, California"
"Neighborhoods in Glendale, California","Montrose, California"
"Neighborhoods in Glendale, California","Verdugo City, California"
"Neighborhoods in Hayward, California","Downtown Hayward"
"Neighborhoods in Hayward, California","Eden Landing, California"
"Neighborhoods in Hayward, California","Hayward Heath, California"
"Neighborhoods in Hayward, California","Mount Eden, California"
"Neighborhoods in Hayward, California","Schafer Park, California"
"Villages of Irvine, California","Irvine Spectrum"
"Villages of Irvine, California","Northwood, Irvine, California"
"Villages of Irvine, California","Quail Hill, Irvine, California"
"Villages of Irvine, California","Turtle Rock, Irvine, California"
"Villages of Irvine, California","University Hills, Irvine"
"Villages of Irvine, California","University Park, Irvine, California"
"Villages of Irvine, California","West Irvine, Irvine, California"
"Villages of Irvine, California","Woodbridge, Irvine, California"
"Villages of Irvine, California","Woodbury, Irvine, California"
"Neighborhoods in Lake Forest, California","Foothill Ranch, California"
"Neighborhoods in Lake Forest, California","Portola Hills, California"
"Neighborhoods in Larkspur, California","Baltimore Park, Larkspur, California"
"Neighborhoods in Larkspur, California","Escalle, Larkspur, California"
"Neighborhoods in Livermore, California","Laddville, California"
"Neighborhoods in Livermore, California","Trevarno, Livermore, California"
"Neighborhoods in Livermore, California","Ulmar, Livermore, California"
"Neighborhoods in Long Beach, California","Neighborhoods of Long Beach, California"
"Neighborhoods in Long Beach, California","4th Street Corridor"
"Neighborhoods in Long Beach, California","Addams, Long Beach, California"
"Neighborhoods in Long Beach, California","Rancho Estates, Long Beach, California"
"Neighborhoods in Long Beach, California","Alamitos Beach, Long Beach, California"
"Neighborhoods in Long Beach, California","Alamitos Heights, Long Beach, California"
"Neighborhoods in Long Beach, California","Belmont Heights, Long Beach, California"
"Neighborhoods in Long Beach, California","Belmont Shore, Long Beach, California"
"Neighborhoods in Long Beach, California","Bixby Knolls, Long Beach"
"Neighborhoods in Long Beach, California","Bluff Heights"
"Neighborhoods in Long Beach, California","Bluff Park"
"Neighborhoods in Long Beach, California","Broadway Corridor, Long Beach, California"
"Neighborhoods in Long Beach, California","California Heights, Long Beach, California"
"Neighborhoods in Long Beach, California","Cambodia Town, Long Beach, California"
"Neighborhoods in Long Beach, California","Carroll Park, Long Beach, California"
"Neighborhoods in Long Beach, California","Downtown Long Beach"
"Neighborhoods in Long Beach, California","East Village, Long Beach, California"
"Neighborhoods in Long Beach, California","Eastside, Long Beach, California"
"Neighborhoods in Long Beach, California","El Dorado Park, Long Beach, California"
"Neighborhoods in Long Beach, California","El Dorado South, Long Beach, California"
"Neighborhoods in Long Beach, California","Hellman, Long Beach, California"
"Neighborhoods in Long Beach, California","Houghton Park"
"Neighborhoods in Long Beach, California","Lakewood Village, Long Beach, California"
"Neighborhoods in Long Beach, California","Los Altos, Long Beach, California"
"Neighborhoods in Long Beach, California","Los Cerritos, Long Beach, California"
"Neighborhoods in Long Beach, California","Marina Pacifica"
"Neighborhoods in Long Beach, California","Naples, Long Beach"
"Neighborhoods in Long Beach, California","North Long Beach, Long Beach, California"
"Neighborhoods in Long Beach, California","Park Estates, Long Beach, California"
"Neighborhoods in Long Beach, California","Peninsula, Long Beach, California"
"Neighborhoods in Long Beach, California","Plaza, Long Beach, California"
"Neighborhoods in Long Beach, California","Rose Park, Long Beach, California"
"Neighborhoods in Long Beach, California","South of Conant, Long Beach, California"
"Neighborhoods in Long Beach, California","Sunrise, Long Beach, California"
"Neighborhoods in Long Beach, California","Terminal Island"
"Neighborhoods in Long Beach, California","West Long Beach"
"Neighborhoods in Long Beach, California","Willmore, Long Beach, California"
"Neighborhoods in Long Beach, California","Wrigley, Long Beach"
"Neighborhoods in Long Beach, California","Zaferia, Long Beach"
"Neighborhoods in Los Angeles","List of districts and neighborhoods in Los Angeles"
"Neighborhoods in Los Angeles","Los Angeles Neighborhood Signs"
"Neighborhoods in Los Angeles","Adams-Normandie, Los Angeles"
"Neighborhoods in Los Angeles","Alvarado Terrace Historic District"
"Neighborhoods in Los Angeles","Amoco Junction, Los Angeles"
"Neighborhoods in Los Angeles","Angeles Mesa, Los Angeles"
"Neighborhoods in Los Angeles","Angelino Heights, Los Angeles"
"Neighborhoods in Los Angeles","Angelus Vista, Los Angeles"
"Neighborhoods in Los Angeles","Arleta, Los Angeles"
"Neighborhoods in Los Angeles","Arlington Heights, Los Angeles"
"Neighborhoods in Los Angeles","Atwater Village, Los Angeles"
"Neighborhoods in Los Angeles","August F. Haw, California"
"Neighborhoods in Los Angeles","Baldwin Hills/Crenshaw, Los Angeles"
"Neighborhoods in Los Angeles","Baldwin Hills, Los Angeles"
"Neighborhoods in Los Angeles","Baldwin Village, Los Angeles"
"Neighborhoods in Los Angeles","Baldwin Vista, Los Angeles"
"Neighborhoods in Los Angeles","Beachwood Canyon, Los Angeles"
"Neighborhoods in Los Angeles","Bel Air, Los Angeles"
"Neighborhoods in Los Angeles","Benedict Canyon, Los Angeles"
"Neighborhoods in Los Angeles","Beverly Crest, Los Angeles"
"Neighborhoods in Los Angeles","Beverly Glen, Los Angeles"
"Neighborhoods in Los Angeles","Beverly Grove, Los Angeles"
"Neighborhoods in Los Angeles","Beverly Hills Post Office"
"Neighborhoods in Los Angeles","Beverly Park, Los Angeles"
"Neighborhoods in Los Angeles","Beverlywood, Los Angeles"
"Neighborhoods in Los Angeles","Boyle Heights, Los Angeles"
"Neighborhoods in Los Angeles","Brentwood Circle, Los Angeles"
"Neighborhoods in Los Angeles","Brentwood Glen, Los Angeles"
"Neighborhoods in Los Angeles","Brentwood, Los Angeles"
"Neighborhoods in Los Angeles","Broadway-Manchester, Los Angeles"
"Neighborhoods in Los Angeles","Brookside, Los Angeles"
"Neighborhoods in Los Angeles","Bunker Hill, Los Angeles"
"Neighborhoods in Los Angeles","Byzantine-Latino Quarter, Los Angeles"
"Neighborhoods in Los Angeles","Cahuenga Pass"
"Neighborhoods in Los Angeles","Canoga Park, Los Angeles"
"Neighborhoods in Los Angeles","Carthay Circle, Los Angeles"
"Neighborhoods in Los Angeles","Carthay, Los Angeles"
"Neighborhoods in Los Angeles","Castle Heights, Los Angeles"
"Neighborhoods in Los Angeles","Central-Alameda, Los Angeles"
"Neighborhoods in Los Angeles","Century City"
"Neighborhoods in Los Angeles","Chatsworth, Los Angeles"
"Neighborhoods in Los Angeles","Chester Place"
"Neighborhoods in Los Angeles","Chesterfield Square, Los Angeles"
"Neighborhoods in Los Angeles","Cheviot Hills, Los Angeles"
"Neighborhoods in Los Angeles","Coldwater Canyon"
"Neighborhoods in Los Angeles","Colegrove, Los Angeles"
"Neighborhoods in Los Angeles","Country Club Park, Los Angeles"
"Neighborhoods in Los Angeles","Crenshaw Manor, Los Angeles"
"Neighborhoods in Los Angeles","Crenshaw, Los Angeles"
"Neighborhoods in Los Angeles","Crestview, Los Angeles"
"Neighborhoods in Los Angeles","Crestwood Hills, Los Angeles"
"Neighborhoods in Los Angeles","Cypress Park, Los Angeles"
"Neighborhoods in Los Angeles","Del Rey, Los Angeles"
"Neighborhoods in Los Angeles","Downtown Los Angeles"
"Neighborhoods in Los Angeles","Eagle Rock, Los Angeles"
"Neighborhoods in Los Angeles","East Gate Bel Air, Los Angeles"
"Neighborhoods in Los Angeles","East Hollywood, Los Angeles"
"Neighborhoods in Los Angeles","Echo Park"
"Neighborhoods in Los Angeles","Edendale, Los Angeles"
"Neighborhoods in Los Angeles","El Sereno, Los Angeles"
"Neighborhoods in Los Angeles","Elysian Heights, Los Angeles"
"Neighborhoods in Los Angeles","Elysian Park, Los Angeles"
"Neighborhoods in Los Angeles","Elysian Valley, Los Angeles"
"Neighborhoods in Los Angeles","Encino, Los Angeles"
"Neighborhoods in Los Angeles","Exposition Park (Los Angeles)"
"Neighborhoods in Los Angeles","Exposition Park, Los Angeles"
"Neighborhoods in Los Angeles","Faircrest Heights, Los Angeles"
"Neighborhoods in Los Angeles","Fairfax District, Los Angeles"
"Neighborhoods in Los Angeles","Florence, Los Angeles"
"Neighborhoods in Los Angeles","Franklin Hills, Los Angeles"
"Neighborhoods in Los Angeles","Garvanza, Los Angeles"
"Neighborhoods in Los Angeles","Glassell Park, Los Angeles"
"Neighborhoods in Los Angeles","Gramercy Park, Los Angeles"
"Neighborhoods in Los Angeles","Granada Hills, Los Angeles"
"Neighborhoods in Los Angeles","Green Meadows, Los Angeles"
"Neighborhoods in Los Angeles","Hancock Park, Los Angeles"
"Neighborhoods in Los Angeles","Harbor City, Los Angeles"
"Neighborhoods in Los Angeles","Harbor Gateway, Los Angeles"
"Neighborhoods in Los Angeles","Harvard Heights, Los Angeles"
"Neighborhoods in Los Angeles","Harvard Park, Los Angeles"
"Neighborhoods in Los Angeles","Hermon, Los Angeles"
"Neighborhoods in Los Angeles","Highland Park, Los Angeles"
"Neighborhoods in Los Angeles","Historic Filipinotown, Los Angeles"
"Neighborhoods in Los Angeles","Historic South Central Los Angeles"
"Neighborhoods in Los Angeles","Historic West Adams"
"Neighborhoods in Los Angeles","Hollywood Dell, Los Angeles"
"Neighborhoods in Los Angeles","Hollywood Heights, Los Angeles"
"Neighborhoods in Los Angeles","Hollywood Hills"
"Neighborhoods in Los Angeles","Hollywood Hills West, Los Angeles"
"Neighborhoods in Los Angeles","Hollywood, Los Angeles"
"Neighborhoods in Los Angeles","Holmby Hills, Los Angeles"
"Neighborhoods in Los Angeles","Hyde Park, Los Angeles"
"Neighborhoods in Los Angeles","Jefferson Park, Los Angeles"
"Neighborhoods in Los Angeles","Jewelry District (Los Angeles)"
"Neighborhoods in Los Angeles","Kinney Heights, Los Angeles"
"Neighborhoods in Los Angeles","Koreatown, Los Angeles"
"Neighborhoods in Los Angeles","L.A. Downtown Industrial District"
"Neighborhoods in Los Angeles","La Cienega Heights, Los Angeles"
"Neighborhoods in Los Angeles","Ladera, Los Angeles"
"Neighborhoods in Los Angeles","Lafayette Square, Los Angeles"
"Neighborhoods in Los Angeles","Lake Balboa, Los Angeles"
"Neighborhoods in Los Angeles","Lake View Terrace, Los Angeles"
"Neighborhoods in Los Angeles","Larchmont, Los Angeles"
"Neighborhoods in Los Angeles","Laurel Canyon, Los Angeles"
"Neighborhoods in Los Angeles","Leimert Park, Los Angeles"
"Neighborhoods in Los Angeles","Lincoln Heights, Los Angeles"
"Neighborhoods in Los Angeles","Little Armenia, Los Angeles"
"Neighborhoods in Los Angeles","Little Bangladesh, Los Angeles"
"Neighborhoods in Los Angeles","Little Ethiopia, Los Angeles"
"Neighborhoods in Los Angeles","Los Feliz, Los Angeles"
"Neighborhoods in Los Angeles","Magnolia Square, Los Angeles"
"Neighborhoods in Los Angeles","Manchester Square, Los Angeles"
"Neighborhoods in Los Angeles","Mandeville Canyon, Los Angeles"
"Neighborhoods in Los Angeles","Mar Vista, Los Angeles"
"Neighborhoods in Los Angeles","Marina Peninsula, Los Angeles"
"Neighborhoods in Los Angeles","Melrose Hill, Los Angeles"
"Neighborhoods in Los Angeles","Mid City, Los Angeles"
"Neighborhoods in Los Angeles","Mid-City Heights, Los Angeles"
"Neighborhoods in Los Angeles","Mid-City West, Los Angeles"
"Neighborhoods in Los Angeles","Mid-Wilshire, Los Angeles"
"Neighborhoods in Los Angeles","Miracle Mile, Los Angeles"
"Neighborhoods in Los Angeles","Mission Hills, Los Angeles"
"Neighborhoods in Los Angeles","Montecito Heights, Los Angeles"
"Neighborhoods in Los Angeles","Monterey Hills, Los Angeles"
"Neighborhoods in Los Angeles","Mount Olympus, Los Angeles"
"Neighborhoods in Los Angeles","Mount Washington, Los Angeles"
"Neighborhoods in Los Angeles","Mulholland Estates"
"Neighborhoods in Los Angeles","Naud Junction (Los Angeles)"
"Neighborhoods in Los Angeles","Nevin, Los Angeles"
"Neighborhoods in Los Angeles","Nichols Canyon, Los Angeles"
"Neighborhoods in Los Angeles","NoHo Arts District, Los Angeles"
"Neighborhoods in Los Angeles","North Hills, Los Angeles"
"Neighborhoods in Los Angeles","North Hollywood, Los Angeles"
"Neighborhoods in Los Angeles","North University Park, Los Angeles"
"Neighborhoods in Los Angeles","Northeast Los Angeles"
"Neighborhoods in Los Angeles","Northridge, Los Angeles"
"Neighborhoods in Los Angeles","Northwest Los Angeles"
"Neighborhoods in Los Angeles","Oakwood, Los Angeles"
"Neighborhoods in Los Angeles","Outpost Estates, Los Angeles"
"Neighborhoods in Los Angeles","Pacific Palisades, Los Angeles"
"Neighborhoods in Los Angeles","Pacoima, Los Angeles"
"Neighborhoods in Los Angeles","Palisades Highlands, Los Angeles"
"Neighborhoods in Los Angeles","Palms, Los Angeles"
"Neighborhoods in Los Angeles","Panorama City, Los Angeles"
"Neighborhoods in Los Angeles","Park La Brea, Los Angeles"
"Neighborhoods in Los Angeles","Picfair Village, Los Angeles"
"Neighborhoods in Los Angeles","Pico Park, Los Angeles"
"Neighborhoods in Los Angeles","Pico-Robertson"
"Neighborhoods in Los Angeles","Pico-Union, Los Angeles"
"Neighborhoods in Los Angeles","Platinum Triangle, Los Angeles"
"Neighborhoods in Los Angeles","Playa del Rey, Los Angeles"
"Neighborhoods in Los Angeles","Playa Vista, Los Angeles"
"Neighborhoods in Los Angeles","Porter Ranch, Los Angeles"
"Neighborhoods in Los Angeles","Rancho Park, Los Angeles"
"Neighborhoods in Los Angeles","Reseda, Los Angeles"
"Neighborhoods in Los Angeles","Reynier Village, Los Angeles"
"Neighborhoods in Los Angeles","Rose Hills, Los Angeles"
"Neighborhoods in Los Angeles","Rustic Canyon, Los Angeles"
"Neighborhoods in Los Angeles","San Pedro, Los Angeles"
"Neighborhoods in Los Angeles","Sawtelle, Los Angeles"
"Neighborhoods in Los Angeles","Shadow Hills, Los Angeles"
"Neighborhoods in Los Angeles","Sherman Oaks, Los Angeles"
"Neighborhoods in Los Angeles","Sherman Village, Los Angeles"
"Neighborhoods in Los Angeles","Silver Lake, Los Angeles"
"Neighborhoods in Los Angeles","South Carthay, Los Angeles"
"Neighborhoods in Los Angeles","South Los Angeles"
"Neighborhoods in Los Angeles","South Park, Los Angeles"
"Neighborhoods in Los Angeles","South Robertson, Los Angeles"
"Neighborhoods in Los Angeles","Spaulding Square, Los Angeles"
"Neighborhoods in Los Angeles","Studio City, Los Angeles"
"Neighborhoods in Los Angeles","Sun Valley, Los Angeles"
"Neighborhoods in Los Angeles","Sunland-Tujunga, Los Angeles"
"Neighborhoods in Los Angeles","Sunland, Los Angeles, California"
"Neighborhoods in Los Angeles","Sunset Junction, Los Angeles"
"Neighborhoods in Los Angeles","Sylmar, Los Angeles"
"Neighborhoods in Los Angeles","Tarzana, Los Angeles"
"Neighborhoods in Los Angeles","Tehrangeles"
"Neighborhoods in Los Angeles","Temple-Beaudry"
"Neighborhoods in Los Angeles","Terminal Island"
"Neighborhoods in Los Angeles","Thai Town, Los Angeles"
"Neighborhoods in Los Angeles","Toluca Lake, Los Angeles"
"Neighborhoods in Los Angeles","Tujunga, California"
"Neighborhoods in Los Angeles","University Hills, Los Angeles"
"Neighborhoods in Los Angeles","University Hills, Los Angeles, California"
"Neighborhoods in Los Angeles","University Park, Los Angeles"
"Neighborhoods in Los Angeles","Valley Glen, Los Angeles"
"Neighborhoods in Los Angeles","Valley Village, Los Angeles"
"Neighborhoods in Los Angeles","Van Nuys"
"Neighborhoods in Los Angeles","Venice Canal Historic District"
"Neighborhoods in Los Angeles","Venice, Los Angeles"
"Neighborhoods in Los Angeles","Vermont Knolls, Los Angeles"
"Neighborhoods in Los Angeles","Vermont Square, Los Angeles"
"Neighborhoods in Los Angeles","Vermont Vista, Los Angeles"
"Neighborhoods in Los Angeles","Vermont-Slauson, Los Angeles"
"Neighborhoods in Los Angeles","Victor Heights, Los Angeles"
"Neighborhoods in Los Angeles","Victoria Park, Los Angeles"
"Neighborhoods in Los Angeles","Village Green, Los Angeles"
"Neighborhoods in Los Angeles","Virgil Village, Los Angeles"
"Neighborhoods in Los Angeles","Warner Center, Los Angeles"
"Neighborhoods in Los Angeles","Watts, Los Angeles"
"Neighborhoods in Los Angeles","Wellington Square, Los Angeles"
"Neighborhoods in Los Angeles","West Adams Heights, Los Angeles"
"Neighborhoods in Los Angeles","West Adams Terrace, Los Angeles"
"Neighborhoods in Los Angeles","West Adams, Los Angeles"
"Neighborhoods in Los Angeles","West Hills, Los Angeles"
"Neighborhoods in Los Angeles","West Los Angeles"
"Neighborhoods in Los Angeles","Westchester, Los Angeles"
"Neighborhoods in Los Angeles","Westdale, Los Angeles"
"Neighborhoods in Los Angeles","Western Heights, Los Angeles"
"Neighborhoods in Los Angeles","Westlake, Los Angeles"
"Neighborhoods in Los Angeles","Westside Village, Los Angeles"
"Neighborhoods in Los Angeles","Westside, Los Angeles, California"
"Neighborhoods in Los Angeles","Westwood, Los Angeles"
"Neighborhoods in Los Angeles","Whitley Heights, Los Angeles"
"Neighborhoods in Los Angeles","Wilmington, Los Angeles"
"Neighborhoods in Los Angeles","Wilshire Center, Los Angeles"
"Neighborhoods in Los Angeles","Wilshire Highlands, Los Angeles"
"Neighborhoods in Los Angeles","Wilshire Park, Los Angeles"
"Neighborhoods in Los Angeles","Wilshire Vista Heights, Los Angeles"
"Neighborhoods in Los Angeles","Wilshire Vista, Los Angeles"
"Neighborhoods in Los Angeles","Wilshire, Los Angeles"
"Neighborhoods in Los Angeles","Windsor Square, Los Angeles"
"Neighborhoods in Los Angeles","Winnetka, Los Angeles"
"Neighborhoods in Los Angeles","Woodland Hills, Los Angeles"
"Neighborhoods in Los Angeles","Yucca Corridor, Los Angeles"
"Neighborhoods in Menifee, California","Quail Valley, Menifee, California"
"Neighborhoods in Menifee, California","Sun City, Menifee, California"
"Neighborhoods in Modesto, California","Downtown Modesto, Modesto, California"
"Neighborhoods in Modesto, California","La Loma, Modesto, California"
"Neighborhoods in Modesto, California","Wycliffe, Modesto, California"
"Neighborhoods in Monterey, California","Cannery Row"
"Neighborhoods in Monterey, California","Del Monte, Monterey, California"
"Neighborhoods in Monterey, California","New Monterey, Monterey, California"
"Neighborhoods in Newark, California","Jarvis Landing, California"
"Neighborhoods in Newark, California","Pabrico, Newark, California"
"Neighborhoods in Newport Beach, California","Balboa Island, Newport Beach"
"Neighborhoods in Newport Beach, California","Balboa Peninsula, Newport Beach"
"Neighborhoods in Newport Beach, California","Bay Island (California)"
"Neighborhoods in Newport Beach, California","Collins Island, Newport Beach"
"Neighborhoods in Newport Beach, California","Corona del Mar, Newport Beach"
"Neighborhoods in Newport Beach, California","Harbor Island, Newport Beach"
"Neighborhoods in Newport Beach, California","Lido Isle, Newport Beach"
"Neighborhoods in Newport Beach, California","Linda Isle, Newport Beach"
"Neighborhoods in Newport Beach, California","Newport Coast, Newport Beach"
"Neighborhoods in Newport Beach, California","Newport Heights, Newport Beach"
"Neighborhoods in Newport Beach, California","San Joaquin Hills, Newport Beach"
"Neighborhoods in Newport Beach, California","Santa Ana Heights, California"
"Neighborhoods in Oakland, California","List of neighborhoods in Oakland, California"
"Neighborhoods in Oakland, California","Acorn, Oakland, California"
"Neighborhoods in Oakland, California","Adams Point, Oakland, California"
"Neighborhoods in Oakland, California","Allendale, Oakland, California"
"Neighborhoods in Oakland, California","Beulah Heights, California"
"Neighborhoods in Oakland, California","Brookfield Village, Oakland, California"
"Neighborhoods in Oakland, California","Brooklyn, California"
"Neighborhoods in Oakland, California","Bushrod, Oakland, California"
"Neighborhoods in Oakland, California","Campbell Village Court, Oakland, California"
"Neighborhoods in Oakland, California","Campbell Village, Oakland, California"
"Neighborhoods in Oakland, California","Chabot Park"
"Neighborhoods in Oakland, California","Chinatown, Oakland"
"Neighborhoods in Oakland, California","Civic Center, Oakland, California"
"Neighborhoods in Oakland, California","Claremont, Oakland/Berkeley, California"
"Neighborhoods in Oakland, California","Clinton, Oakland, California"
"Neighborhoods in Oakland, California","Crocker Highlands, Oakland, California"
"Neighborhoods in Oakland, California","Dimond District, Oakland, California"
"Neighborhoods in Oakland, California","Dogtown, Oakland, California"
"Neighborhoods in Oakland, California","Downtown Oakland"
"Neighborhoods in Oakland, California","East Oakland, Oakland, California"
"Neighborhoods in Oakland, California","Eastmont, Oakland, California"
"Neighborhoods in Oakland, California","Elmhurst, Oakland, California"
"Neighborhoods in Oakland, California","Fruitvale, Oakland, California"
"Neighborhoods in Oakland, California","Ghost Town, Oakland, California"
"Neighborhoods in Oakland, California","Glenview, Oakland, California"
"Neighborhoods in Oakland, California","Golden Gate, Oakland, California"
"Neighborhoods in Oakland, California","Grand Lake, Oakland, California"
"Neighborhoods in Oakland, California","Grass Valley, Oakland, California"
"Neighborhoods in Oakland, California","Havenscourt, Oakland, California"
"Neighborhoods in Oakland, California","Highland Park, Oakland, California"
"Neighborhoods in Oakland, California","Jack London District, Oakland, California"
"Neighborhoods in Oakland, California","Jack London Square"
"Neighborhoods in Oakland, California","Jingletown"
"Neighborhoods in Oakland, California","Lakeside Apartments District, Oakland, California"
"Neighborhoods in Oakland, California","Laurel, Oakland, California"
"Neighborhoods in Oakland, California","Leona Heights, Oakland, California"
"Neighborhoods in Oakland, California","Lockwood Gardens, Oakland, California"
"Neighborhoods in Oakland, California","Longfellow, Oakland, California"
"Neighborhoods in Oakland, California","Lynn, Oakland, California"
"Neighborhoods in Oakland, California","Maxwell Park, Oakland, California"
"Neighborhoods in Oakland, California","Melrose, Oakland, California"
"Neighborhoods in Oakland, California","Millsmont, Oakland, California"
"Neighborhoods in Oakland, California","Montclair, Oakland, California"
"Neighborhoods in Oakland, California","North Oakland, Oakland, California"
"Neighborhoods in Oakland, California","Oakland City Center"
"Neighborhoods in Oakland, California","Oakland Hills, Oakland, California"
"Neighborhoods in Oakland, California","Oakland Point, Oakland, California"
"Neighborhoods in Oakland, California","Oakmore, Oakland, California"
"Neighborhoods in Oakland, California","Oaksterdam, Oakland"
"Neighborhoods in Oakland, California","Old Oakland"
"Neighborhoods in Oakland, California","Panoramic Hill, Oakland/Berkeley, California"
"Neighborhoods in Oakland, California","Peralta Villa, Oakland, California"
"Neighborhoods in Oakland, California","Piedmont Avenue (Oakland, California)"
"Neighborhoods in Oakland, California","Piedmont Pines, Oakland, California"
"Neighborhoods in Oakland, California","Pill Hill, Oakland, California"
"Neighborhoods in Oakland, California","Prescott, Oakland, California"
"Neighborhoods in Oakland, California","Redwood Heights, Oakland, California"
"Neighborhoods in Oakland, California","Ridgemont, Oakland, California"
"Neighborhoods in Oakland, California","Rockridge, Oakland, California"
"Neighborhoods in Oakland, California","San Antonio, Oakland, California"
"Neighborhoods in Oakland, California","San Pablo Arts District"
"Neighborhoods in Oakland, California","Santa Fe, Oakland, California"
"Neighborhoods in Oakland, California","Seminary, Oakland, California"
"Neighborhoods in Oakland, California","Sequoyah Heights, Oakland, California"
"Neighborhoods in Oakland, California","Sobrante Park, Oakland, California"
"Neighborhoods in Oakland, California","Temescal, Oakland, California"
"Neighborhoods in Oakland, California","Trestle Glen, Oakland, California"
"Neighborhoods in Oakland, California","Uptown Oakland"
"Neighborhoods in Oakland, California","Village Bottoms"
"Neighborhoods in Oakland, California","West Oakland, Oakland, California"
"Neighborhoods in Orange, California","El Modena, California"
"Neighborhoods in Orange, California","Old Towne, Orange Historic District"
"Neighborhoods in Orange, California","Orange Hills"
"Neighborhoods in Pasadena, California","Annandale, Pasadena, California"
"Neighborhoods in Pasadena, California","Banbury Oaks, Pasadena, California"
"Neighborhoods in Pasadena, California","Bellefontaine/Governor Markham, Pasadena, California"
"Neighborhoods in Pasadena, California","Brigden Ranch, Pasadena, California"
"Neighborhoods in Pasadena, California","Brookside Park/Arroyo Terrace, Pasadena, California"
"Neighborhoods in Pasadena, California","Bungalow Heaven, Pasadena, California"
"Neighborhoods in Pasadena, California","California Village, Pasadena, California"
"Neighborhoods in Pasadena, California","Casa Grande, Pasadena, California"
"Neighborhoods in Pasadena, California","Catalina Villas, Pasadena, California"
"Neighborhoods in Pasadena, California","Chapman, Pasadena, California"
"Neighborhoods in Pasadena, California","Daisy-Villa, Pasadena, California"
"Neighborhoods in Pasadena, California","Downtown Pasadena, California"
"Neighborhoods in Pasadena, California","East Washington Village, Pasadena, California"
"Neighborhoods in Pasadena, California","Garfield Heights, Pasadena, California"
"Neighborhoods in Pasadena, California","Hastings Ranch, Pasadena, California"
"Neighborhoods in Pasadena, California","Jefferson Park, Pasadena, California"
"Neighborhoods in Pasadena, California","La Pintoresca, Pasadena, California"
"Neighborhoods in Pasadena, California","Lamanda Park, Pasadena, California"
"Neighborhoods in Pasadena, California","Lexington Heights, Pasadena, California"
"Neighborhoods in Pasadena, California","Lincoln-Villa, Pasadena, California"
"Neighborhoods in Pasadena, California","Linda Vista, Pasadena, California"
"Neighborhoods in Pasadena, California","Lower Arroyo, Pasadena, California"
"Neighborhoods in Pasadena, California","Madison Heights, Pasadena, California"
"Neighborhoods in Pasadena, California","Marceline, Pasadena, California"
"Neighborhoods in Pasadena, California","Muir Heights, Pasadena, California"
"Neighborhoods in Pasadena, California","Normandie Heights, Pasadena, California"
"Neighborhoods in Pasadena, California","North Lake, Pasadena, California"
"Neighborhoods in Pasadena, California","Oak Knoll, Pasadena, California"
"Neighborhoods in Pasadena, California","Oaks, Pasadena, California"
"Neighborhoods in Pasadena, California","Old Pasadena"
"Neighborhoods in Pasadena, California","Olive Heights, Pasadena, California"
"Neighborhoods in Pasadena, California","Orange Heights, Pasadena, California"
"Neighborhoods in Pasadena, California","Pasadena Civic Center District"
"Neighborhoods in Pasadena, California","Playhouse District, Pasadena, California"
"Neighborhoods in Pasadena, California","Poppy Peak Historic District"
"Neighborhoods in Pasadena, California","Prospect Park, Pasadena, California"
"Neighborhoods in Pasadena, California","Raymond Hill/Arroyo Del Mar, Pasadena, California"
"Neighborhoods in Pasadena, California","South Lake, Pasadena, California"
"Neighborhoods in Pasadena, California","Victory Park, Pasadena, California"
"Neighborhoods in Pasadena, California","Villa Parke, Pasadena, California"
"Neighborhoods in Pasadena, California","Washington Square, Pasadena, California"
"Neighborhoods in Rancho Cucamonga, California","Alta Loma, Rancho Cucamonga, California"
"Neighborhoods in Rancho Cucamonga, California","Etiwanda, Rancho Cucamonga, California"
"Neighborhoods in Richmond, California","List of Richmond, California neighborhoods"
"Neighborhoods in Richmond, California","Atchison Village, Richmond, California"
"Neighborhoods in Richmond, California","Brickyard Cove, Richmond, California"
"Neighborhoods in Richmond, California","Campus Bay, Richmond, California"
"Neighborhoods in Richmond, California","Carriage Hills, Richmond, California"
"Neighborhoods in Richmond, California","Downtown Richmond, Richmond, California"
"Neighborhoods in Richmond, California","El Sobrante Hills"
"Neighborhoods in Richmond, California","Fairmede-Hilltop, Richmond, California"
"Neighborhoods in Richmond, California","Hilltop Green, Richmond, California"
"Neighborhoods in Richmond, California","Iron Triangle, Richmond, California"
"Neighborhoods in Richmond, California","Laurel Park, Richmond, California"
"Neighborhoods in Richmond, California","Marina Bay, Richmond, California"
"Neighborhoods in Richmond, California","North & East, Richmond, California"
"Neighborhoods in Richmond, California","Parchester Village, Richmond, California"
"Neighborhoods in Richmond, California","Point Richmond, Richmond, California"
"Neighborhoods in Richmond, California","Point San Pablo Harbor"
"Neighborhoods in Richmond, California","Pullman, Richmond, California"
"Neighborhoods in Richmond, California","Richmond Annex, Richmond, California"
"Neighborhoods in Richmond, California","Richmond Heights, Richmond, California"
"Neighborhoods in Richmond, California","Stege, California"
"Neighborhoods in Riverside, California","Arlington Station, California"
"Neighborhoods in Riverside, California","Arlington, California"
"Neighborhoods in Riverside, California","Belvedere Heights, Riverside, California"
"Neighborhoods in Riverside, California","Canyon Crest Heights, California"
"Neighborhoods in Riverside, California","Casa Blanca, California"
"Neighborhoods in Sacramento, California","Alkali Flat Historic District"
"Neighborhoods in Sacramento, California","Ben Ali, Sacramento, California"
"Neighborhoods in Sacramento, California","Boulevard Park, Sacramento, California"
"Neighborhoods in Sacramento, California","Colonial Heights, Sacramento, California"
"Neighborhoods in Sacramento, California","Curtis Park, Sacramento, California"
"Neighborhoods in Sacramento, California","Del Paso Heights, Sacramento, California"
"Neighborhoods in Sacramento, California","Downtown Sacramento"
"Neighborhoods in Sacramento, California","East Sacramento, Sacramento, California"
"Neighborhoods in Sacramento, California","Elmhurst, Sacramento, California"
"Neighborhoods in Sacramento, California","Gardenland, Sacramento, California"
"Neighborhoods in Sacramento, California","Land Park, Sacramento, California"
"Neighborhoods in Sacramento, California","Meadowview, Sacramento, California"
"Neighborhoods in Sacramento, California","Midtown Sacramento"
"Neighborhoods in Sacramento, California","Natomas, Sacramento, California"
"Neighborhoods in Sacramento, California","New Era Park, Sacramento, California"
"Neighborhoods in Sacramento, California","North Sacramento, Sacramento, California"
"Neighborhoods in Sacramento, California","Oak Park, Sacramento, California"
"Neighborhoods in Sacramento, California","Pocket-Greenhaven, Sacramento, California"
"Neighborhoods in Sacramento, California","Robla, Sacramento, California"
"Neighborhoods in Sacramento, California","Southeast Village"
"Neighborhoods in Sacramento, California","Southside Park, Sacramento, California"
"Neighborhoods in Sacramento, California","Swanston Estates"
"Neighborhoods in Sacramento, California","Tahoe Park, Sacramento, California"
"Neighborhoods in Sacramento, California","Upper Land Park, Sacramento, California"
"Neighborhoods in Sacramento, California","Valley View Acres, Sacramento, California"
"Neighborhoods in San Bernardino, California","Arrowhead Springs, San Bernardino"
"Neighborhoods in San Bernardino, California","Del Rosa, San Bernardino, California"
"Neighborhoods in San Bernardino, California","Downtown San Bernardino"
"Neighborhoods in San Bernardino, California","Hospitality Lane District, San Bernardino"
"Neighborhoods in San Bernardino, California","University District, San Bernardino"
"Neighborhoods in San Bernardino, California","Verdemont, San Bernardino"
"Neighborhoods in San Clemente, California","Talega, San Clemente, California"
"Neighborhoods in San Diego","List of communities and neighborhoods of San Diego"
"Neighborhoods in San Diego","Allied Gardens, San Diego"
"Neighborhoods in San Diego","Alta Vista, San Diego"
"Neighborhoods in San Diego","Alvarado Estates, San Diego"
"Neighborhoods in San Diego","Azalea Park, San Diego"
"Neighborhoods in San Diego","Bankers Hill, San Diego"
"Neighborhoods in San Diego","Barrio Logan, San Diego"
"Neighborhoods in San Diego","Bay Terraces, San Diego"
"Neighborhoods in San Diego","Bird Rock, San Diego"
"Neighborhoods in San Diego","Birdland, San Diego"
"Neighborhoods in San Diego","Black Mountain Ranch, San Diego"
"Neighborhoods in San Diego","Broadway Heights, San Diego"
"Neighborhoods in San Diego","Burlingame, San Diego"
"Neighborhoods in San Diego","Carmel Mountain Ranch, San Diego"
"Neighborhoods in San Diego","Chollas View, San Diego"
"Neighborhoods in San Diego","City Heights, San Diego"
"Neighborhoods in San Diego","Civita, San Diego"
"Neighborhoods in San Diego","Clairemont, San Diego"
"Neighborhoods in San Diego","College Area, San Diego"
"Neighborhoods in San Diego","Columbia, San Diego"
"Neighborhoods in San Diego","Core, San Diego"
"Neighborhoods in San Diego","Cortez Hill, San Diego"
"Neighborhoods in San Diego","Del Cerro, San Diego"
"Neighborhoods in San Diego","Del Mar Heights, San Diego"
"Neighborhoods in San Diego","Del Mar Mesa, San Diego"
"Neighborhoods in San Diego","Downtown San Diego"
"Neighborhoods in San Diego","Dryden Historic District (San Diego)"
"Neighborhoods in San Diego","East Elliott, San Diego"
"Neighborhoods in San Diego","East Village, San Diego"
"Neighborhoods in San Diego","Egger Highlands, San Diego"
"Neighborhoods in San Diego","El Cerrito, San Diego"
"Neighborhoods in San Diego","El Pueblo Ribera"
"Neighborhoods in San Diego","Emerald Hills, San Diego"
"Neighborhoods in San Diego","Encanto, San Diego"
"Neighborhoods in San Diego","Fairbanks Ranch Country Club"
"Neighborhoods in San Diego","Fairmount Park, San Diego"
"Neighborhoods in San Diego","Fairway Village"
"Neighborhoods in San Diego","Gaslamp Quarter, San Diego"
"Neighborhoods in San Diego","Gateway, San Diego"
"Neighborhoods in San Diego","Golden Hill, San Diego"
"Neighborhoods in San Diego","Grant Hill, San Diego"
"Neighborhoods in San Diego","Grantville, San Diego"
"Neighborhoods in San Diego","Harbor Island, San Diego"
"Neighborhoods in San Diego","Harborview, San Diego"
"Neighborhoods in San Diego","Hillcrest, San Diego"
"Neighborhoods in San Diego","Islenair, San Diego"
"Neighborhoods in San Diego","Jamacha, San Diego"
"Neighborhoods in San Diego","Kearny Mesa, San Diego"
"Neighborhoods in San Diego","Kensington, San Diego"
"Neighborhoods in San Diego","La Jolla"
"Neighborhoods in San Diego","La Jolla Village, San Diego"
"Neighborhoods in San Diego","La Playa, San Diego"
"Neighborhoods in San Diego","Lincoln Park, San Diego"
"Neighborhoods in San Diego","Linda Vista, San Diego"
"Neighborhoods in San Diego","Little Italy, San Diego"
"Neighborhoods in San Diego","Logan Heights, San Diego"
"Neighborhoods in San Diego","Loma Portal, San Diego"
"Neighborhoods in San Diego","Lomita, San Diego"
"Neighborhoods in San Diego","Marina, San Diego"
"Neighborhoods in San Diego","Marston Hills, San Diego"
"Neighborhoods in San Diego","Memorial, San Diego"
"Neighborhoods in San Diego","Middletown, San Diego"
"Neighborhoods in San Diego","Midtown, San Diego"
"Neighborhoods in San Diego","Midway, San Diego"
"Neighborhoods in San Diego","Mira Mesa, San Diego"
"Neighborhoods in San Diego","Miramar, San Diego"
"Neighborhoods in San Diego","Mission Beach, San Diego"
"Neighborhoods in San Diego","Mission Hills, San Diego"
"Neighborhoods in San Diego","Mission Valley, San Diego"
"Neighborhoods in San Diego","Morena, San Diego"
"Neighborhoods in San Diego","Mount Hope, San Diego"
"Neighborhoods in San Diego","Mountain View, San Diego"
"Neighborhoods in San Diego","Navajo, San Diego"
"Neighborhoods in San Diego","Nestor, San Diego"
"Neighborhoods in San Diego","Normal Heights, San Diego"
"Neighborhoods in San Diego","North City, San Diego"
"Neighborhoods in San Diego","North Park, San Diego"
"Neighborhoods in San Diego","O'Farrell, San Diego"
"Neighborhoods in San Diego","Oak Park, San Diego"
"Neighborhoods in San Diego","Ocean Beach Antique District"
"Neighborhoods in San Diego","Ocean Beach, San Diego"
"Neighborhoods in San Diego","Ocean View Hills, San Diego"
"Neighborhoods in San Diego","Old Town, San Diego"
"Neighborhoods in San Diego","Otay Mesa West, San Diego"
"Neighborhoods in San Diego","Otay Mesa, San Diego"
"Neighborhoods in San Diego","Pacific Beach, San Diego"
"Neighborhoods in San Diego","Pacific Highlands Ranch, San Diego"
"Neighborhoods in San Diego","Palm City, San Diego"
"Neighborhoods in San Diego","Paradise Hills, San Diego"
"Neighborhoods in San Diego","Point Loma Heights, San Diego"
"Neighborhoods in San Diego","Point Loma, San Diego"
"Neighborhoods in San Diego","Rancho Bernardo, San Diego"
"Neighborhoods in San Diego","Rancho Encantada, San Diego"
"Neighborhoods in San Diego","Rancho Peñasquitos, San Diego"
"Neighborhoods in San Diego","Redwood Village, San Diego"
"Neighborhoods in San Diego","Rolando Park, San Diego"
"Neighborhoods in San Diego","Rolando, San Diego"
"Neighborhoods in San Diego","Roseville-Fleetridge, San Diego"
"Neighborhoods in San Diego","Sabre Springs, San Diego"
"Neighborhoods in San Diego","San Carlos, San Diego"
"Neighborhoods in San Diego","Little Saigon, San Diego"
"Neighborhoods in San Diego","San Pasqual Valley, San Diego"
"Neighborhoods in San Diego","San Ysidro, San Diego"
"Neighborhoods in San Diego","Serra Mesa, San Diego"
"Neighborhoods in San Diego","Shelltown, San Diego"
"Neighborhoods in San Diego","Shelter Island, San Diego"
"Neighborhoods in San Diego","Sherman Heights, San Diego"
"Neighborhoods in San Diego","Skyline, San Diego"
"Neighborhoods in San Diego","Sorrento Mesa, San Diego"
"Neighborhoods in San Diego","Sorrento Valley, San Diego"
"Neighborhoods in San Diego","South Park, San Diego"
"Neighborhoods in San Diego","South San Diego"
"Neighborhoods in San Diego","Southcrest, San Diego"
"Neighborhoods in San Diego","Southeast San Diego"
"Neighborhoods in San Diego","Stingaree, San Diego"
"Neighborhoods in San Diego","Stockton, San Diego"
"Neighborhoods in San Diego","Sunset Cliffs, San Diego"
"Neighborhoods in San Diego","Swan Canyon, San Diego"
"Neighborhoods in San Diego","Talmadge, San Diego"
"Neighborhoods in San Diego","Tierrasanta, San Diego"
"Neighborhoods in San Diego","Tijuana River Valley, San Diego"
"Neighborhoods in San Diego","Torrey Highlands, San Diego"
"Neighborhoods in San Diego","Torrey Hills, San Diego"
"Neighborhoods in San Diego","Torrey Pines, San Diego"
"Neighborhoods in San Diego","University City, San Diego"
"Neighborhoods in San Diego","University Heights, San Diego"
"Neighborhoods in San Diego","Valencia Park, San Diego"
"Neighborhoods in San Diego","Via de la Valle, San Diego"
"Neighborhoods in San Diego","Village of La Jolla"
"Neighborhoods in San Diego","Webster, San Diego"
"Neighborhoods in San Diego","Wooded Area, San Diego"
"Neighborhoods in San Francisco","List of neighborhoods in San Francisco"
"Neighborhoods in San Francisco","Alamo Square, San Francisco"
"Neighborhoods in San Francisco","Alta Plaza"
"Neighborhoods in San Francisco","Anza Vista, San Francisco"
"Neighborhoods in San Francisco","Balboa Terrace, San Francisco"
"Neighborhoods in San Francisco","Barbary Coast, San Francisco"
"Neighborhoods in San Francisco","Bayview–Hunters Point, San Francisco"
"Neighborhoods in San Francisco","Bayview, San Francisco, California"
"Neighborhoods in San Francisco","Bernal Heights, San Francisco"
"Neighborhoods in San Francisco","Carville, San Francisco"
"Neighborhoods in San Francisco","Castro District, San Francisco"
"Neighborhoods in San Francisco","Cathedral Hill, San Francisco"
"Neighborhoods in San Francisco","Central Embarcadero Piers Historic District"
"Neighborhoods in San Francisco","Central Sunset"
"Neighborhoods in San Francisco","Chinatown, San Francisco"
"Neighborhoods in San Francisco","Civic Center, San Francisco"
"Neighborhoods in San Francisco","Cole Valley, San Francisco"
"Neighborhoods in San Francisco","Corona Heights, San Francisco"
"Neighborhoods in San Francisco","Crocker-Amazon, San Francisco"
"Neighborhoods in San Francisco","Diamond Heights, San Francisco"
"Neighborhoods in San Francisco","Dogpatch, San Francisco"
"Neighborhoods in San Francisco","Duboce Park Landmark District"
"Neighborhoods in San Francisco","Duboce Triangle, San Francisco"
"Neighborhoods in San Francisco","Dumpville"
"Neighborhoods in San Francisco","Eureka Valley, San Francisco"
"Neighborhoods in San Francisco","Excelsior District, San Francisco"
"Neighborhoods in San Francisco","Fillmore District, San Francisco"
"Neighborhoods in San Francisco","Financial District, San Francisco"
"Neighborhoods in San Francisco","Fisherman's Wharf, San Francisco"
"Neighborhoods in San Francisco","Forest Hill, San Francisco"
"Neighborhoods in San Francisco","Forest Knolls, San Francisco"
"Neighborhoods in San Francisco","Glen Park, San Francisco"
"Neighborhoods in San Francisco","Haight-Ashbury"
"Neighborhoods in San Francisco","Hayes Valley, San Francisco"
"Neighborhoods in San Francisco","Hunters Point, San Francisco, California"
"Neighborhoods in San Francisco","India Basin, San Francisco"
"Neighborhoods in San Francisco","Ingleside Terraces, San Francisco"
"Neighborhoods in San Francisco","Ingleside, San Francisco, California"
"Neighborhoods in San Francisco","Inner Sunset"
"Neighborhoods in San Francisco","International Settlement (San Francisco)"
"Neighborhoods in San Francisco","Irish Hill (San Francisco)"
"Neighborhoods in San Francisco","Jackson Square, San Francisco"
"Neighborhoods in San Francisco","Japantown, San Francisco"
"Neighborhoods in San Francisco","Laurel Heights, San Francisco"
"Neighborhoods in San Francisco","Lincoln Manor"
"Neighborhoods in San Francisco","Little Hollywood, San Francisco"
"Neighborhoods in San Francisco","Lone Mountain (California)"
"Neighborhoods in San Francisco","Lower Haight, San Francisco"
"Neighborhoods in San Francisco","Lower Pacific Heights, San Francisco"
"Neighborhoods in San Francisco","Manilatown, San Francisco"
"Neighborhoods in San Francisco","Marina District, San Francisco"
"Neighborhoods in San Francisco","Merced Manor, San Francisco"
"Neighborhoods in San Francisco","Mid-Market, San Francisco"
"Neighborhoods in San Francisco","Mission Bay, San Francisco"
"Neighborhoods in San Francisco","Mission District, San Francisco"
"Neighborhoods in San Francisco","Mission Dolores, San Francisco"
"Neighborhoods in San Francisco","Mount Davidson (California)"
"Neighborhoods in San Francisco","Nob Hill, San Francisco"
"Neighborhoods in San Francisco","Noe Valley, San Francisco"
"Neighborhoods in San Francisco","North Beach, San Francisco"
"Neighborhoods in San Francisco","Oceanview, San Francisco"
"Neighborhoods in San Francisco","Outer Mission, San Francisco"
"Neighborhoods in San Francisco","Outer Sunset, San Francisco, California"
"Neighborhoods in San Francisco","Outside Lands"
"Neighborhoods in San Francisco","Pacific Heights, San Francisco"
"Neighborhoods in San Francisco","Parkmerced, San Francisco"
"Neighborhoods in San Francisco","Parkside, San Francisco"
"Neighborhoods in San Francisco","Potrero Hill"
"Neighborhoods in San Francisco","Presidio Heights, San Francisco, California"
"Neighborhoods in San Francisco","Presidio Terrace"
"Neighborhoods in San Francisco","Rancho Las Camaritas"
"Neighborhoods in San Francisco","Richmond District, San Francisco"
"Neighborhoods in San Francisco","Rincon Hill, San Francisco"
"Neighborhoods in San Francisco","Russian Hill, San Francisco"
"Neighborhoods in San Francisco","San Francisco Residence Parks"
"Neighborhoods in San Francisco","Sea Cliff, San Francisco"
"Neighborhoods in San Francisco","Silver Terrace, San Francisco"
"Neighborhoods in San Francisco","South of Market, San Francisco"
"Neighborhoods in San Francisco","South Park, San Francisco"
"Neighborhoods in San Francisco","St. Francis Wood, San Francisco"
"Neighborhoods in San Francisco","Sunset District, San Francisco"
"Neighborhoods in San Francisco","Telegraph Hill, San Francisco"
"Neighborhoods in San Francisco","Tendernob"
"Neighborhoods in San Francisco","Terrific Street"
"Neighborhoods in San Francisco","Theatre District, San Francisco"
"Neighborhoods in San Francisco","The Transgender District"
"Neighborhoods in San Francisco","Treasure Island, San Francisco"
"Neighborhoods in San Francisco","Twin Peaks (San Francisco)"
"Neighborhoods in San Francisco","Union Square, San Francisco"
"Neighborhoods in San Francisco","Upper Fillmore"
"Neighborhoods in San Francisco","Visitacion Valley, San Francisco"
"Neighborhoods in San Francisco","West Portal, San Francisco"
"Neighborhoods in San Francisco","Western Addition, San Francisco"
"Neighborhoods in San Francisco","Westwood Highlands, San Francisco"
"Neighborhoods in San Francisco","Westwood Park, San Francisco"
"Neighborhoods in San Francisco","Yerba Buena Island"
"Neighborhoods in San Jose, California","The Alameda, San Jose"
"Neighborhoods in San Jose, California","Almaden Valley, San Jose"
"Neighborhoods in San Jose, California","Alum Rock, San Jose"
"Neighborhoods in San Jose, California","Alviso, San Jose"
"Neighborhoods in San Jose, California","Berryessa, San Jose"
"Neighborhoods in San Jose, California","Blossom Valley, San Jose"
"Neighborhoods in San Jose, California","Buena Vista, San Jose"
"Neighborhoods in San Jose, California","Burbank, Santa Clara County, California"
"Neighborhoods in San Jose, California","Calero, San Jose"
"Neighborhoods in San Jose, California","Cambrian, San Jose"
"Neighborhoods in San Jose, California","Chinatowns in San Jose"
"Neighborhoods in San Jose, California","Communications Hill, San Jose"
"Neighborhoods in San Jose, California","Coyote Valley, California"
"Neighborhoods in San Jose, California","Downtown Historic District (San Jose, California)"
"Neighborhoods in San Jose, California","Downtown San Jose"
"Neighborhoods in San Jose, California","East Foothills, San Jose"
"Neighborhoods in San Jose, California","East San Jose"
"Neighborhoods in San Jose, California","Edenvale, San Jose"
"Neighborhoods in San Jose, California","Evergreen, San Jose"
"Neighborhoods in San Jose, California","Fruitdale, San Jose"
"Neighborhoods in San Jose, California","Japantown, San Jose"
"Neighborhoods in San Jose, California","King & Story, San Jose"
"Neighborhoods in San Jose, California","Little Portugal, San Jose"
"Neighborhoods in San Jose, California","Little Saigon, San Jose"
"Neighborhoods in San Jose, California","Luna Park, San Jose"
"Neighborhoods in San Jose, California","Mayfair, San Jose"
"Neighborhoods in San Jose, California","Meadowfair, San Jose"
"Neighborhoods in San Jose, California","Midtown San Jose"
"Neighborhoods in San Jose, California","Naglee Park, San Jose"
"Neighborhoods in San Jose, California","New Almaden"
"Neighborhoods in San Jose, California","North San Jose"
"Neighborhoods in San Jose, California","North San Pedro, San Jose"
"Neighborhoods in San Jose, California","Northside, San Jose"
"Neighborhoods in San Jose, California","Palm Haven, San Jose"
"Neighborhoods in San Jose, California","Qmunity District"
"Neighborhoods in San Jose, California","Rincon de los Esteros, San Jose"
"Neighborhoods in San Jose, California","Rincon South, San Jose"
"Neighborhoods in San Jose, California","Rose Garden, San Jose"
"Neighborhoods in San Jose, California","San Jose, California"
"Neighborhoods in San Jose, California","San Pedro Square"
"Neighborhoods in San Jose, California","Santa Teresa, San Jose"
"Neighborhoods in San Jose, California","Santana Row"
"Neighborhoods in San Jose, California","Seven Trees, San Jose"
"Neighborhoods in San Jose, California","College Park, San Jose"
"Neighborhoods in San Jose, California","Shasta Hanchett Park, San Jose"
"Neighborhoods in San Jose, California","Silver Creek Valley"
"Neighborhoods in San Jose, California","SoFA District"
"Neighborhoods in San Jose, California","South San Jose"
"Neighborhoods in San Jose, California","Spartan Keyes, San Jose"
"Neighborhoods in San Jose, California","St. Leo's, San Jose"
"Neighborhoods in San Jose, California","Tamien, San Jose"
"Neighborhoods in San Jose, California","Washington-Guadalupe, San Jose"
"Neighborhoods in San Jose, California","West San Carlos, San Jose"
"Neighborhoods in San Jose, California","West San Jose"
"Neighborhoods in San Jose, California","West Valley (California)"
"Neighborhoods in San Jose, California","Willow Glen, San Jose"
"Neighborhoods in San Jose, California","Winchester, San Jose"
"Neighborhoods in San Leandro, California","Mulford Gardens, San Leandro, California"
"Neighborhoods in San Leandro, California","Mulford Landing, San Leandro, California"
"Neighborhoods in San Leandro, California","Mulford, San Leandro, California"
"Neighborhoods in San Rafael, California","Canal Area, San Rafael, California"
"Neighborhoods in San Rafael, California","Terra Linda, San Rafael, California"
"Neighborhoods of Santa Ana, California","Artesia Pilar"
"Neighborhoods of Santa Ana, California","South Coast Metro"
"Neighborhoods in Santa Clarita, California","Canyon Country, Santa Clarita, California"
"Neighborhoods in Santa Clarita, California","Newhall, Santa Clarita, California"
"Neighborhoods in Santa Clarita, California","Saugus, Santa Clarita, California"
"Neighborhoods in Santa Clarita, California","List of Valencia, California residential villages"
"Neighborhoods in Santa Clarita, California","Valencia, Santa Clarita, California"
"Neighborhoods in Santa Rosa, California","Fountain Grove, California"
"Neighborhoods in Santa Rosa, California","Railroad Square District"
"Neighborhoods in Santa Rosa, California","Ridgway Historic District (Santa Rosa, California)"
"Neighborhoods in Santa Rosa, California","Roseland, California"
"Neighborhoods in Santa Rosa, California","South Park, Santa Rosa, California"
"Neighborhoods in South Lake Tahoe, California","Al Tahoe, California"
"Neighborhoods in South Lake Tahoe, California","Bijou Park, California"
"Neighborhoods in South Lake Tahoe, California","Bijou, California"
"Neighborhoods in South Lake Tahoe, California","Stateline, California"
"Neighborhoods in South Lake Tahoe, California","Tahoe Keys, California"
"Neighborhoods in South Lake Tahoe, California","Tahoe Valley, California"
"Neighborhoods in Thousand Oaks, California","Newbury Park, California"
"Neighborhoods in Thousand Oaks, California","Westlake Village, California"
"Neighborhoods in Tiburon, California","Bel Aire, Tiburon, California"
"Neighborhoods in Tiburon, California","Little Reed Heights, Tiburon, California"
"Neighborhoods in Union City, California","Alvarado, California"
"Neighborhoods in Union City, California","Decoto, California"
"Neighborhoods in Visalia, California","Beverly Glen, Visalia, California"
"Neighborhoods in Visalia, California","Downtown Visalia"
"Neighborhoods in Visalia, California","Green Acres, Visalia, California"
"Neighborhoods in Visalia, California","Mooney, Visalia, California"
"Neighborhoods in Visalia, California","Oval Park, Visalia, California"
"Neighborhoods in Visalia, California","Visalia Heights, Visalia, California"
"Neighborhoods in Walnut Creek, California","Rancho San Miguel"
"Neighborhoods in Walnut Creek, California","Rossmoor, Walnut Creek, California"
"Neighborhoods in West Hollywood, California","Norma Triangle"
"Neighborhoods in West Hollywood, California","Sunset Strip"
"Neighborhoods in West Hollywood, California","West Hollywood West"
